event_time,duration
1238294273.86719,2.0
1238294273.33594,0.375
1238294267.89844,0.3125
1238294270.07031,1.4375
1238294270.60156,0.456050008535385
1238294268.42969,0.3125
1238445393.1875,15.5
1238445224.08594,9.5
