event_time,duration
1131342822.125,2.75
1134157663.16406,0.984380006790161
1133952177.14844,0.625
1130178027.70312,0.3125
1136396690.60156,1.35058999061584
1134157697.35156,0.308589994907379
