event_time,duration
1130778595.19531,2.875
1132583462.10938,8.75
1132582762.375,3.75
1132580414.96875,10.5790996551514
1132583037.28125,3.625
